"content","annotation__label__-","annotation__points__start","annotation__points__end","annotation__points__text","extras","metadata__first_done_at","metadata__last_updated_at","metadata__sec_taken","metadata__last_updated_by","metadata__status","metadata__evaluation"
"""[< div class=""""nav"""">\n< a href=""""index.html"""">Home | < /a>\n< a href=""""information.html"""">Information | < /a>\n< a href=""""bookings.html"""">Book Now | < /a>\n< a href=""""directions.html"""">Get Directions | < /a>\n< a href=""""contact.html"""">Contact Us< /a>\n< /div>]"",2019-01-29 12:24:27.621016","Link","242","246","< /a>","null","1548764717000","1548764717000","14","BlRYdNjyg5guCZoIysvOhv92JU72","done","NONE"
"","Link","206","214","< a href=","","","","","","",""
"","Link","200","204","< /a>","","","","","","",""
"","Link","154","162","< a href=","","","","","","",""
"","Link","148","152","< /a>","","","","","","",""
"","Link","110","118","< a href=","","","","","","",""
"","Link","104","108","< /a>","","","","","","",""
"","Link","60","68","< a href=","","","","","","",""
"","Link","54","58","< /a>","","","","","","",""
"","Link","23","31","< a href=","","","","","","",""
"""[< div class=""""image"""">\n< img alt=""""OceanView B&B"""" height=""""300"""" src=""""Images/Outside.jpg"""" width=""""1000""""/> < !--Image from iha.com-->\n< /div>]"",2019-01-29 12:26:06.467536","Image","25","29","< img","null","1548764805000","1548764805000","15","BlRYdNjyg5guCZoIysvOhv92JU72","done","CORRECT"
"""[< form action="""""""" method="""""""" name=""""bookNowForm"""">\n< h2>Book Now< /h2>\n< fieldset>\n< legend>< strong>Date of Booking< /strong>< /legend>\n< label for=""""day"""">Day< /label>\n< select>\n< option value=""""1"""">1< /option>\n< option value=""""2"""">2< /option>\n< option value=""""3"""">3< /option>\n< option value=""""4"""">4< /option>\n< option value=""""5"""">5< /option>\n< option value=""""6"""">6< /option>\n< option value=""""7"""">7< /option>\n< option value=""""8"""">8< /option>\n< option value=""""9"""">9< /option>\n< option value=""""10"""">10< /option>\n< option value=""""11"""">11< /option>\n< option value=""""12"""">12< /option>\n< option value=""""13"""">13< /option>\n< option value=""""14"""">14< /option>\n< option value=""""15"""">15< /option>\n< option value=""""16"""">16< /option>\n< option value=""""17"""">17< /option>\n< option value=""""18"""">18< /option>\n< option value=""""19"""">19< /option>\n< option value=""""20"""">20< /option>\n< option value=""""21"""">21< /option>\n< option value=""""22"""">22< /option>\n< option value=""""23"""">23< /option>\n< option value=""""24"""">24< /option>\n< option value=""""25"""">25< /option>\n< option value=""""26"""">26< /option>\n< option value=""""27"""">27< /option>\n< option value=""""28"""">28< /option>\n< option value=""""29"""">29< /option>\n< option value=""""30"""">30< /option>\n< option value=""""31"""">31< /option>\n< /select>\n< label for=""""month"""">Month< /label>\n< select>\n< option value=""""January"""">January< /option>\n< option value=""""February"""">February< /option>\n< option value=""""March"""">March< /option>\n< option value=""""April"""">April< /option>\n< option value=""""May"""">May< /option>\n< option value=""""June"""">June< /option>\n< option value=""""July"""">July< /option>\n< option value=""""August"""">August< /option>\n< option value=""""September"""">September< /option>\n< option value=""""October"""">October< /option>\n< option value=""""November"""">November< /option>\n< option value=""""December"""">December< /option>\n< /select>\n< label for=""""year"""">Year< /label>\n< select>\n< option>2016< /option>\n< option>2017< /option>\n< option>2018< /option>\n< /select>\n< /fieldset>\n< fieldset>\n< legend>< strong>Number of Guests< /strong>< /legend>\n< input checked=""""checked"""" name=""""guests"""" type=""""radio"""" value=""""1""""/>1\n\n            < input name=""""guests"""" type=""""radio"""" value=""""2""""/>2\n\n            < input name=""""guests"""" type=""""radio"""" value=""""3""""/>3\n\n            < input name=""""guests"""" type=""""radio"""" value=""""4""""/>4\n\n            < input name=""""guests"""" type=""""radio"""" value=""""5""""/>5\n\n            < input name=""""guests"""" type=""""radio"""" value=""""6""""/>6+\n\n        < /fieldset>\n< fieldset>\n< legend>< strong>Room Type< /strong>< /legend>\n< select name=""""rooms"""" size=""""3"""">\n< option value=""""single"""">Single Room< /option>\n< option value=""""twin"""">Twin Room< /option>\n< option value=""""double"""">Double Room< /option>\n< option value=""""family"""">Family Room< /option>\n< /select>\n< /fieldset>\n< fieldset>\n< legend>< strong>Meal Options< /strong>< /legend>\n< input name=""""meal"""" type=""""checkbox"""" value=""""breakfast""""/>Breakfast\n\n            < input name=""""meal"""" type=""""checkbox"""" value=""""lunch""""/>Lunch\n\n            < input name=""""meal"""" type=""""checkbox"""" value=""""dinner""""/>Dinner\n\n        < /fieldset>\n< fieldset>\n< legend>< strong>Personal Information< /strong>< /legend>\n< label>Name< /label>< br/>\n< input name=""""name"""" size=""""15"""" type=""""text""""/>< br/>< br/>\n< label>Address< /label>< br/>\n< input name=""""address"""" size=""""15"""" type=""""text""""/>< br/>\n< input name=""""address2"""" size=""""15"""" type=""""text""""/>< br/>\n< input name=""""address3"""" size=""""15"""" type=""""text""""/>< br/>< br/>\n< label>Telephone No.< /label>< br/>\n< input name=""""number"""" size=""""3"""" type=""""text""""/>\n< input name=""""number2"""" size=""""10"""" type=""""text""""/>< br/>< br/>\n< label>Email< /label>< br/>\n< input name=""""email"""" size=""""25"""" type=""""text""""/>\n< /fieldset>\n< input type=""""submit"""" value=""""Book Now""""/>\n< input type=""""reset"""" value=""""Cancel""""/>\n< /form>]"",2019-01-29 12:28:26.370332","Form","3808","3815","< /form>","null","1548765096000","1548765096000","154","BlRYdNjyg5guCZoIysvOhv92JU72","done","NONE"
"","Form","3766","3772","< input","","","","","","",""
"","Form","3721","3727","< input","","","","","","",""
"","Form","3708","3719","< /fieldset>","","","","","","",""
"","Form","3657","3663","< input","","","","","","",""
"","Form","3563","3569","< input","","","","","","",""
"","Form","3512","3518","< input","","","","","","",""
"","Form","3409","3415","< input","","","","","","",""
"","Form","3349","3355","< input","","","","","","",""
"","Form","3290","3296","< input","","","","","","",""
"","Form","3197","3203","< input","","","","","","",""
"","Form","3158","3167","< /legend>","","","","","","",""
"","Form","3098","3118","< fieldset>\n< legend>","","","","","","",""
"","Form","3085","3096","< /fieldset>","","","","","","",""
"","Form","3011","3017","< input","","","","","","",""
"","Form","2935","2941","< input","","","","","","",""
"","Form","2851","2857","< input","","","","","","",""
"","Form","2840","2849","< /legend>","","","","","","",""
"","Form","2788","2808","< fieldset>\n< legend>","","","","","","",""
"","Form","2775","2786","< /fieldset>","","","","","","",""
"","Form","2764","2773","< /select>","","","","","","",""
"","Form","2753","2762","< /option>","","","","","","",""
"","Form","2716","2730","< option value=","","","","","","",""
"","Form","2705","2714","< /option>","","","","","","",""
"","Form","2668","2682","< option value=","","","","","","",""
"","Form","2657","2666","< /option>","","","","","","",""
"","Form","2624","2638","< option value=","","","","","","",""
"","Form","2613","2622","< /option>","","","","","","",""
"","Form","2576","2590","< option value=","","","","","","",""
"","Form","2529","2538","< /legend>","","","","","","",""
"","Form","2480","2500","< fieldset>\n< legend>","","","","","","",""
"","Form","2467","2478","< /fieldset>","","","","","","",""
"","Form","2403","2409","< input","","","","","","",""
"","Form","2336","2342","< input","","","","","","",""
"","Form","2269","2275","< input","","","","","","",""
"","Form","2202","2208","< input","","","","","","",""
"","Form","2135","2141","< input","","","","","","",""
"","Form","2048","2054","< input","","","","","","",""
"","Form","2037","2046","< /legend>","","","","","","",""
"","Form","1981","2001","< fieldset>\n< legend>","","","","","","",""
"","Form","1968","1979","< /fieldset>","","","","","","",""
"","Form","1957","1966","< /select>","","","","","","",""
"","Form","1946","1955","< /option>","","","","","","",""
"","Form","1933","1941","< option>","","","","","","",""
"","Form","1922","1931","< /option>","","","","","","",""
"","Form","1909","1917","< option>","","","","","","",""
"","Form","1898","1907","< /option>","","","","","","",""
"","Form","1885","1893","< option>","","","","","","",""
"","Form","1875","1883","< select>","","","","","","",""
"","Form","1829","1838","< /select>","","","","","","",""
"","Form","1818","1827","< /option>","","","","","","",""
"","Form","1782","1796","< option value=","","","","","","",""
"","Form","1771","1780","< /option>","","","","","","",""
"","Form","1735","1749","< option value=","","","","","","",""
"","Form","1724","1733","< /option>","","","","","","",""
"","Form","1690","1704","< option value=","","","","","","",""
"","Form","1679","1688","< /option>","","","","","","",""
"","Form","1641","1655","< option value=","","","","","","",""
"","Form","1630","1639","< /option>","","","","","","",""
"","Form","1598","1612","< option value=","","","","","","",""
"","Form","1587","1596","< /option>","","","","","","",""
"","Form","1559","1573","< option value=","","","","","","",""
"","Form","1548","1557","< /option>","","","","","","",""
"","Form","1520","1534","< option value=","","","","","","",""
"","Form","1509","1518","< /option>","","","","","","",""
"","Form","1483","1497","< option value=","","","","","","",""
"","Form","1472","1481","< /option>","","","","","","",""
"","Form","1442","1456","< option value=","","","","","","",""
"","Form","1431","1440","< /option>","","","","","","",""
"","Form","1401","1415","< option value=","","","","","","",""
"","Form","1390","1399","< /option>","","","","","","",""
"","Form","1354","1368","< option value=","","","","","","",""
"","Form","1343","1352","< /option>","","","","","","",""
"","Form","1309","1323","< option value=","","","","","","",""
"","Form","1299","1307","< select>","","","","","","",""
"","Form","1251","1260","< /select>","","","","","","",""
"","Form","1240","1249","< /option>","","","","","","",""
"","Form","1216","1230","< option value=","","","","","","",""
"","Form","1205","1214","< /option>","","","","","","",""
"","Form","1181","1195","< option value=","","","","","","",""
"","Form","1170","1179","< /option>","","","","","","",""
"","Form","1146","1160","< option value=","","","","","","",""
"","Form","1135","1144","< /option>","","","","","","",""
"","Form","1111","1125","< option value=","","","","","","",""
"","Form","1100","1109","< /option>","","","","","","",""
"","Form","1076","1090","< option value=","","","","","","",""
"","Form","1065","1074","< /option>","","","","","","",""
"","Form","1041","1055","< option value=","","","","","","",""
"","Form","1030","1039","< /option>","","","","","","",""
"","Form","1006","1020","< option value=","","","","","","",""
"","Form","995","1004","< /option>","","","","","","",""
"","Form","971","985","< option value=","","","","","","",""
"","Form","960","969","< /option>","","","","","","",""
"","Form","936","950","< option value=","","","","","","",""
"","Form","925","934","< /option>","","","","","","",""
"","Form","901","915","< option value=","","","","","","",""
"","Form","890","899","< /option>","","","","","","",""
"","Form","866","880","< option value=","","","","","","",""
"","Form","855","864","< /option>","","","","","","",""
"","Form","831","845","< option value=","","","","","","",""
"","Form","820","829","< /option>","","","","","","",""
"","Form","796","810","< option value=","","","","","","",""
"","Form","785","794","< /option>","","","","","","",""
"","Form","761","775","< option value=","","","","","","",""
"","Form","750","759","< /option>","","","","","","",""
"","Form","726","740","< option value=","","","","","","",""
"","Form","715","724","< /option>","","","","","","",""
"","Form","691","705","< option value=","","","","","","",""
"","Form","680","689","< /option>","","","","","","",""
"","Form","656","670","< option value=","","","","","","",""
"","Form","645","654","< /option>","","","","","","",""
"","Form","621","635","< option value=","","","","","","",""
"","Form","610","619","< /option>","","","","","","",""
"","Form","586","600","< option value=","","","","","","",""
"","Form","575","584","< /option>","","","","","","",""
"","Form","551","565","< option value=","","","","","","",""
"","Form","540","549","< /option>","","","","","","",""
"","Form","516","530","< option value=","","","","","","",""
"","Form","505","514","< /option>","","","","","","",""
"","Form","481","495","< option value=","","","","","","",""
"","Form","470","479","< /option>","","","","","","",""
"","Form","448","462","< option value=","","","","","","",""
"","Form","437","446","< /option>","","","","","","",""
"","Form","415","429","< option value=","","","","","","",""
"","Form","404","413","< /option>","","","","","","",""
"","Form","382","396","< option value=","","","","","","",""
"","Form","371","380","< /option>","","","","","","",""
"","Form","349","363","< option value=","","","","","","",""
"","Form","338","347","< /option>","","","","","","",""
"","Form","316","330","< option value=","","","","","","",""
"","Form","305","314","< /option>","","","","","","",""
"","Form","283","297","< option value=","","","","","","",""
"","Form","272","281","< /option>","","","","","","",""
"","Form","250","264","< option value=","","","","","","",""
"","Form","239","248","< /option>","","","","","","",""
"","Form","217","231","< option value=","","","","","","",""
"","Form","206","215","< /option>","","","","","","",""
"","Form","184","198","< option value=","","","","","","",""
"","Form","174","182","< select>","","","","","","",""
"","Form","130","139","< /legend>","","","","","","",""
"","Form","75","95","< fieldset>\n< legend>","","","","","","",""
"","Text","68","73","< /h2>","","","","","","",""
"","Text","55","58","< h2","","","","","","",""
"","Form","4","15","form action=","","","","","","",""
"""[< div id=""""sitemap"""">\n< h1>Sitemap< /h1>\n< ul>\n< li>< a href=""""index.html"""">Home< /a>< /li>\n< li>< a href=""""information.html"""">Information< /a>< /li>\n< li>< a href=""""bookings.html"""">Bookings< /a>< /li>\n< li>< a href=""""directions.html"""">Directions< /a>< /li>\n< li>< a href=""""contact.html"""">Contact Information< /a>< /li>\n< /ul>\n< /div>]"",2019-01-29 12:36:25.669370","Link","310","314","< /a>","null","1548765433000","1548765433000","27","BlRYdNjyg5guCZoIysvOhv92JU72","done","NONE"
"","Link","265","273","< a href=","","","","","","",""
"","Link","248","252","< /a>","","","","","","",""
"","Link","209","217","< a href=","","","","","","",""
"","Link","192","196","< /a>","","","","","","",""
"","Link","157","165","< a href=","","","","","","",""
"","Link","140","144","< /a>","","","","","","",""
"","Link","99","107","< a href=","","","","","","",""
"","Link","82","86","< /a>","","","","","","",""
"","Link","54","62","< a href=","","","","","","",""
"","Text","36","41","< /h1>","","","","","","",""
"","Text","24","28","< h1>","","","","","","",""
